market,date,totalUnrealizedProfit,totalUnrealizedLoss
WBTC/USDC,28/11/2022 @ 12:42:58,49.004128477731655,112.94418027991705
WBTC/USDC,28/11/2022 @ 12:43:28,49.00523064016347,112.94539606068332
WBTC/USDC,28/11/2022 @ 12:43:58,49.005965440155485,112.9462065662643
WBTC/USDC,28/11/2022 @ 12:44:28,49.007067594724695,112.94742231011519
WBTC/USDC,28/11/2022 @ 12:44:58,49.007802331591044,112.9482327921441
WBTC/USDC,28/11/2022 @ 12:45:28,49.00890447994231,112.94944850444999
WBTC/USDC,28/11/2022 @ 12:45:58,49.00963924194635,112.95025897697774
WBTC/USDC,28/11/2022 @ 12:46:28,49.01074135040352,112.95147466281684
WBTC/USDC,28/11/2022 @ 12:46:58,49.011476078013764,112.95228511150403
WBTC/USDC,28/11/2022 @ 12:47:28,49.01257815116244,112.95350077753923
WBTC/USDC,28/11/2022 @ 12:47:58,49.013312899321576,112.95431120396009
WBTC/USDC,28/11/2022 @ 12:48:28,49.01441496027237,112.95552684236748
WBTC/USDC,28/11/2022 @ 12:48:58,49.01514965265201,112.95633724537818
WBTC/USDC,28/11/2022 @ 12:49:28,49.01625170004103,112.95755284357031
WBTC/USDC,28/11/2022 @ 12:49:58,49.01698638110399,112.95836325634649
WBTC/USDC,28/11/2022 @ 12:50:28,49.01808842075264,112.95957882245546
WBTC/USDC,28/11/2022 @ 12:50:58,49.01882309448833,112.9603892001689
WBTC/USDC,28/11/2022 @ 12:51:28,49.01992508496486,112.96160475364563
WBTC/USDC,28/11/2022 @ 12:51:58,49.02065972512308,112.96241510001688
WBTC/USDC,28/11/2022 @ 12:52:28,49.021761720757766,112.96363062900292
WBTC/USDC,28/11/2022 @ 12:52:58,49.02249637999771,112.96444095461784
WBTC/USDC,28/11/2022 @ 12:53:28,49.02359834276884,112.96565644970293
WBTC/USDC,28/11/2022 @ 12:53:58,49.02433296106315,112.9664667811662
WBTC/USDC,28/11/2022 @ 12:54:28,49.025434882738715,112.96768223291602
WBTC/USDC,28/11/2022 @ 12:54:58,49.026169530441734,112.96849253848659
WBTC/USDC,28/11/2022 @ 12:55:28,49.02727144503168,112.96970798006281
WBTC/USDC,28/11/2022 @ 12:55:58,49.02800602526314,112.9705182579119
WBTC/USDC,28/11/2022 @ 12:56:28,49.02910792226636,112.97173365681647
WBTC/USDC,28/11/2022 @ 12:56:58,49.02984253515162,112.97254392281444
WBTC/USDC,28/11/2022 @ 12:57:28,49.030944382614535,112.97375931620076
WBTC/USDC,28/11/2022 @ 12:57:58,49.031678965074725,112.97456954049338
WBTC/USDC,28/11/2022 @ 12:58:28,49.032780793147204,112.97578490963075
WBTC/USDC,28/11/2022 @ 12:58:58,49.03351536972521,112.97659511650807
WBTC/USDC,28/11/2022 @ 12:59:28,49.03461721034208,112.97781044412237
WBTC/USDC,28/11/2022 @ 12:59:58,49.03535173647895,112.97862066212875
WBTC/USDC,28/11/2022 @ 13:0:28,49.03645354215604,112.97983595886137
WBTC/USDC,28/11/2022 @ 13:0:58,49.037188069517214,112.98064615808815
WBTC/USDC,28/11/2022 @ 13:1:28,49.03828986921235,112.98186142092376
WBTC/USDC,28/11/2022 @ 13:1:58,49.03902437954705,112.98267156932171
WBTC/USDC,28/11/2022 @ 13:2:28,49.040126140365395,112.98388683238522
WBTC/USDC,28/11/2022 @ 13:2:58,49.04086061370008,112.98469697406657
WBTC/USDC,28/11/2022 @ 13:3:28,49.041962369389616,112.98591219611275
WBTC/USDC,28/11/2022 @ 13:3:58,49.042696862398664,112.98672231802942
WBTC/USDC,28/11/2022 @ 13:4:28,49.04379858717766,112.98793750084005
WBTC/USDC,28/11/2022 @ 13:4:58,49.044533051781684,112.98874762096625
WBTC/USDC,28/11/2022 @ 13:5:28,49.04563473284789,112.98996277789162
WBTC/USDC,28/11/2022 @ 13:5:58,49.04636921465084,112.99077286977447
WBTC/USDC,28/11/2022 @ 13:6:28,49.04747088822634,112.99198799655643
WBTC/USDC,28/11/2022 @ 13:6:58,49.04820531652703,112.9927980770676
WBTC/USDC,28/11/2022 @ 13:7:28,49.04930697184791,112.99401316602898
WBTC/USDC,28/11/2022 @ 13:7:58,49.05004141096552,112.99482324084153
WBTC/USDC,28/11/2022 @ 13:8:28,49.05114302603651,112.9960383119266
WBTC/USDC,28/11/2022 @ 13:8:58,49.051877454949505,112.99684833961159
WBTC/USDC,28/11/2022 @ 13:9:28,49.05297904581282,112.99806338842814
WBTC/USDC,28/11/2022 @ 13:9:58,49.05371345334087,112.99887341329296
WBTC/USDC,28/11/2022 @ 13:10:28,49.05481505373314,113.0000884179538
WBTC/USDC,28/11/2022 @ 13:10:58,49.05554942619647,113.00089843706806
WBTC/USDC,28/11/2022 @ 13:11:28,49.05665099371636,113.00211341892823
WBTC/USDC,28/11/2022 @ 13:11:58,49.05738535486875,113.0029234006323
WBTC/USDC,28/11/2022 @ 13:12:28,49.05848691290291,113.00413836936411
WBTC/USDC,28/11/2022 @ 13:12:58,49.059221269570166,113.0049483298365
WBTC/USDC,28/11/2022 @ 13:13:28,49.06032279156736,113.00616326179767
WBTC/USDC,28/11/2022 @ 13:13:58,49.06105711074445,113.00697320858421
WBTC/USDC,28/11/2022 @ 13:14:28,49.06215861496709,113.00818810904448
WBTC/USDC,28/11/2022 @ 13:14:58,49.062892952560496,113.00899803766909
WBTC/USDC,28/11/2022 @ 13:15:28,49.06399441957039,113.0102129237808
WBTC/USDC,28/11/2022 @ 13:15:58,49.06472873585175,113.01102283350374
WBTC/USDC,28/11/2022 @ 13:16:28,49.06583017878155,113.01223767597818
WBTC/USDC,28/11/2022 @ 13:16:58,49.06656448905401,113.01304755872638
WBTC/USDC,28/11/2022 @ 13:17:28,49.067298780599465,113.01385744219955
WBTC/USDC,28/11/2022 @ 13:17:58,49.06840020097307,113.01507226101448
WBTC/USDC,28/11/2022 @ 13:18:28,49.06950161816635,113.01628705976258
WBTC/USDC,28/11/2022 @ 13:18:58,49.07023590395849,113.01709689418603
WBTC/USDC,28/11/2022 @ 13:19:28,49.07133727739787,113.01831167329739
WBTC/USDC,28/11/2022 @ 13:19:58,49.07207154012491,113.0191214982727
WBTC/USDC,28/11/2022 @ 13:20:28,49.07317290261352,113.02033623529523
WBTC/USDC,28/11/2022 @ 13:20:58,49.073907147634145,113.02114606738925
WBTC/USDC,28/11/2022 @ 13:21:28,49.0750085073853,113.0223607673021
WBTC/USDC,28/11/2022 @ 13:21:58,49.075742711913804,113.02317055798808
WBTC/USDC,28/11/2022 @ 13:22:28,49.07684404416275,113.0243852481764
WBTC/USDC,28/11/2022 @ 13:22:58,49.077578247082215,113.0251950159161
WBTC/USDC,28/11/2022 @ 13:23:28,49.078679567010184,113.02640966210161
WBTC/USDC,28/11/2022 @ 13:23:58,49.07941375750267,113.02721943422263
WBTC/USDC,28/11/2022 @ 13:24:28,49.0805150375802,113.02843405829172
WBTC/USDC,28/11/2022 @ 13:24:58,49.08124920420541,113.02924379873618
WBTC/USDC,28/11/2022 @ 13:25:28,49.082350467689196,113.03045839177119
WBTC/USDC,28/11/2022 @ 13:25:59,49.083084640867725,113.03126812941815
WBTC/USDC,28/11/2022 @ 13:26:28,49.084185868029614,113.03248269077149
WBTC/USDC,28/11/2022 @ 13:26:58,49.084920028929304,113.0332923983461
WBTC/USDC,28/11/2022 @ 13:27:28,49.08602124338919,113.03450694308525
WBTC/USDC,28/11/2022 @ 13:27:58,49.08675537612454,113.03531661956028
WBTC/USDC,28/11/2022 @ 13:28:28,49.087856588931736,113.03653113201975
WBTC/USDC,28/11/2022 @ 13:28:58,49.08859069741818,113.03734079981776
WBTC/USDC,28/11/2022 @ 13:29:28,49.08969187180896,113.038555290403
WBTC/USDC,28/11/2022 @ 13:29:58,49.09042599144338,113.03936493621269
WBTC/USDC,28/11/2022 @ 13:30:28,49.091527126805914,113.04057939449325
WBTC/USDC,28/11/2022 @ 13:30:58,49.09226123591661,113.0413890185828
WBTC/USDC,28/11/2022 @ 13:31:28,49.093362356824585,113.04260345092298
WBTC/USDC,28/11/2022 @ 13:31:58,49.094096447391735,113.04341306961255
WBTC/USDC,28/11/2022 @ 13:32:28,49.0951975570289,113.04462745782709
WBTC/USDC,28/11/2022 @ 13:32:58,49.09593160970036,113.04543705486206
WBTC/USDC,28/11/2022 @ 13:33:28,49.09703270072456,113.04665144177324
WBTC/USDC,28/11/2022 @ 13:33:58,49.0977667357432,113.04746099997799
WBTC/USDC,28/11/2022 @ 13:34:28,49.0988678158576,113.04867535689932
WBTC/USDC,28/11/2022 @ 13:34:58,49.09960185274502,113.04948490237342
WBTC/USDC,28/11/2022 @ 13:35:28,49.10070289507637,113.05069921578111
WBTC/USDC,28/11/2022 @ 13:35:58,49.10143689556039,113.05150874755063
WBTC/USDC,28/11/2022 @ 13:36:28,49.102537920645545,113.05272305408604
WBTC/USDC,28/11/2022 @ 13:36:58,49.103271936869156,113.05353256268023
WBTC/USDC,28/11/2022 @ 13:37:28,49.104372923920444,113.05474682564572
WBTC/USDC,28/11/2022 @ 13:37:58,49.105106920439056,113.05555632627784
WBTC/USDC,28/11/2022 @ 13:38:28,49.10620789334792,113.0567705514763
WBTC/USDC,28/11/2022 @ 13:38:58,49.10694188386359,113.057580051198
WBTC/USDC,28/11/2022 @ 13:39:28,49.10804284550443,113.05879426016307
WBTC/USDC,28/11/2022 @ 13:39:58,49.1087767924544,113.05960370841811
WBTC/USDC,28/11/2022 @ 13:40:28,49.109877725430884,113.06081788824443
WBTC/USDC,28/11/2022 @ 13:40:58,49.11061168864143,113.06162732177944
WBTC/USDC,28/11/2022 @ 13:41:28,49.111712584219646,113.06284147470531
WBTC/USDC,28/11/2022 @ 13:41:58,49.11244652720642,113.06365091482807
WBTC/USDC,28/11/2022 @ 13:42:28,49.1135474100886,113.06486503381912
WBTC/USDC,28/11/2022 @ 13:42:58,49.114281346948566,113.06567442830124
WBTC/USDC,28/11/2022 @ 13:43:28,49.11538221505609,113.06688852939885
WBTC/USDC,28/11/2022 @ 13:43:58,49.11611610160881,113.06769791305565
WBTC/USDC,28/11/2022 @ 13:44:28,49.11721695426843,113.0689119685351
WBTC/USDC,28/11/2022 @ 13:44:58,49.11795083638248,113.06972135621673
WBTC/USDC,28/11/2022 @ 13:45:28,49.119051688104065,113.07093539349067
WBTC/USDC,28/11/2022 @ 13:45:59,49.11978554575048,113.07174473746576
WBTC/USDC,28/11/2022 @ 13:46:28,49.12088634799396,113.07295875406295
WBTC/USDC,28/11/2022 @ 13:46:58,49.121620194906704,113.07376807978402
WBTC/USDC,28/11/2022 @ 13:47:28,49.12272098218227,113.07498205708818
WBTC/USDC,28/11/2022 @ 13:47:58,49.1234548333808,113.07579137419819
WBTC/USDC,28/11/2022 @ 13:48:28,49.124555578150726,113.07700533686338
WBTC/USDC,28/11/2022 @ 13:48:58,49.12528942110417,113.07781461748134
WBTC/USDC,28/11/2022 @ 13:49:28,49.12639015601685,113.07902854531574
WBTC/USDC,28/11/2022 @ 13:49:58,49.12712398043123,113.0798378183062
WBTC/USDC,28/11/2022 @ 13:50:28,49.12822470057205,113.08105172965382
WBTC/USDC,28/11/2022 @ 13:50:58,49.12895849396205,113.08186098265939
WBTC/USDC,28/11/2022 @ 13:51:28,49.13005918688756,113.08307484867899
WBTC/USDC,28/11/2022 @ 13:51:58,49.130792986838344,113.0838840858193
WBTC/USDC,28/11/2022 @ 13:52:28,49.13189365297133,113.08509794976565
WBTC/USDC,28/11/2022 @ 13:52:58,49.132627429275786,113.08590716465125
WBTC/USDC,28/11/2022 @ 13:53:28,49.133728072424766,113.08712096330625
WBTC/USDC,28/11/2022 @ 13:53:58,49.134461843319556,113.08793016716488
WBTC/USDC,28/11/2022 @ 13:54:28,49.13556247345238,113.08914395201018
WBTC/USDC,28/11/2022 @ 13:54:58,49.136296208730265,113.08995314218865
WBTC/USDC,28/11/2022 @ 13:55:28,49.137396799761326,113.09116690214742
WBTC/USDC,28/11/2022 @ 13:55:58,49.13813056210731,113.09197605646158
WBTC/USDC,28/11/2022 @ 13:56:28,49.139231145667985,113.09318978662802
WBTC/USDC,28/11/2022 @ 13:56:58,49.13996486290001,113.09399892962968
WBTC/USDC,28/11/2022 @ 13:57:28,49.141065414182876,113.09521263712372
WBTC/USDC,28/11/2022 @ 13:57:58,49.141799093262264,113.0960217745606
WBTC/USDC,28/11/2022 @ 13:58:28,49.14289966818491,113.09723544181323
WBTC/USDC,28/11/2022 @ 13:58:58,49.14363333848756,113.09804455508876
WBTC/USDC,28/11/2022 @ 13:59:28,49.144733846060575,113.09925819771188
WBTC/USDC,28/11/2022 @ 13:59:58,49.14546752294085,113.10006729499983
WBTC/USDC,28/11/2022 @ 14:0:28,49.14656801531386,113.10128092165726
WBTC/USDC,28/11/2022 @ 14:0:58,49.14730168619712,113.10208997002755
WBTC/USDC,28/11/2022 @ 14:1:28,49.148402168261256,113.10330356764062
WBTC/USDC,28/11/2022 @ 14:1:58,49.14913579558324,113.1041126169649
WBTC/USDC,28/11/2022 @ 14:2:28,49.150236247368966,113.10532617345343
WBTC/USDC,28/11/2022 @ 14:2:58,49.15096990101798,113.10613522456077
WBTC/USDC,28/11/2022 @ 14:3:28,49.15207032131835,113.10734875870622
WBTC/USDC,28/11/2022 @ 14:3:58,49.152803944689246,113.1081577688557
WBTC/USDC,28/11/2022 @ 14:4:28,49.1539043353859,113.1093712847505
WBTC/USDC,28/11/2022 @ 14:4:58,49.154637951006684,113.11018026653551
WBTC/USDC,28/11/2022 @ 14:5:28,49.15573834145728,113.11139375455376
WBTC/USDC,28/11/2022 @ 14:5:58,49.15647191067844,113.1122027314902
WBTC/USDC,28/11/2022 @ 14:6:28,49.15757226378528,113.11341619170632
WBTC/USDC,28/11/2022 @ 14:6:58,49.1583058726176,113.11422512887586
WBTC/USDC,28/11/2022 @ 14:7:28,49.15940621583208,113.1154385653987
WBTC/USDC,28/11/2022 @ 14:7:58,49.160139765931405,113.11624750477803
WBTC/USDC,28/11/2022 @ 14:8:28,49.160873300294014,113.11705644808487
WBTC/USDC,28/11/2022 @ 14:8:58,49.16197363242347,113.11826982921342
WBTC/USDC,28/11/2022 @ 14:9:28,49.16307393856754,113.11948319460232
WBTC/USDC,28/11/2022 @ 14:9:58,49.16380744282476,113.12029209950447
WBTC/USDC,28/11/2022 @ 14:10:28,49.16490772243591,113.12150543521814
WBTC/USDC,28/11/2022 @ 14:10:58,49.165641245813404,113.12231431189129
WBTC/USDC,28/11/2022 @ 14:11:28,49.16674151735049,113.12352763661926
WBTC/USDC,28/11/2022 @ 14:11:58,49.16747499199874,113.12433650247152
WBTC/USDC,28/11/2022 @ 14:12:28,49.16857523421695,113.12554977934488
WBTC/USDC,28/11/2022 @ 14:12:58,49.169308708041285,113.12635862973619
WBTC/USDC,28/11/2022 @ 14:13:28,49.17040892193288,113.12757188783101
WBTC/USDC,28/11/2022 @ 14:13:58,49.17114240954826,113.12838071360248
WBTC/USDC,28/11/2022 @ 14:14:28,49.172242588450146,113.12959394183645
WBTC/USDC,28/11/2022 @ 14:14:58,49.17297605832948,113.13040275095535
WBTC/USDC,28/11/2022 @ 14:15:28,49.17407621077728,113.13161594658088
WBTC/USDC,28/11/2022 @ 14:15:58,49.17480966104219,113.13242475154591
WBTC/USDC,28/11/2022 @ 14:16:28,49.17590981173228,113.13363792633191
WBTC/USDC,28/11/2022 @ 14:16:58,49.17664322571295,113.13444669077364
WBTC/USDC,28/11/2022 @ 14:17:29,49.17774336843916,113.13565983380668
WBTC/USDC,28/11/2022 @ 14:17:58,49.17847678199835,113.13646858647631
WBTC/USDC,28/11/2022 @ 14:18:28,49.17957688703037,113.1376817106734
WBTC/USDC,28/11/2022 @ 14:18:58,49.18031028453645,113.13849044960394
WBTC/USDC,28/11/2022 @ 14:19:28,49.18141035388497,113.1397035313997
WBTC/USDC,28/11/2022 @ 14:19:58,49.18214374255234,113.14051225138705
WBTC/USDC,28/11/2022 @ 14:20:28,49.18324381083196,113.1417253105583
WBTC/USDC,28/11/2022 @ 14:20:58,49.18397716161427,113.14253400216317
WBTC/USDC,28/11/2022 @ 14:21:28,49.18507719985661,113.14374704757785
WBTC/USDC,28/11/2022 @ 14:21:58,49.18581058458293,113.14455571145218
WBTC/USDC,28/11/2022 @ 14:22:28,49.18691059142394,113.1457687204544
WBTC/USDC,28/11/2022 @ 14:22:58,49.187643913165104,113.14657738739862
WBTC/USDC,28/11/2022 @ 14:23:28,49.18874391502035,113.147790362604
WBTC/USDC,28/11/2022 @ 14:23:58,49.18947722108442,113.14859902082904
WBTC/USDC,28/11/2022 @ 14:24:28,49.19057723410922,113.1498119722872
WBTC/USDC,28/11/2022 @ 14:24:58,49.19131052952666,113.15062058291863
WBTC/USDC,28/11/2022 @ 14:25:28,49.19241047026017,113.1518335080314
WBTC/USDC,28/11/2022 @ 14:25:58,49.19314377413952,113.15264210208608
WBTC/USDC,28/11/2022 @ 14:26:28,49.19424368523956,113.15385500555321
WBTC/USDC,28/11/2022 @ 14:26:58,49.19497698312892,113.15466358881096
WBTC/USDC,28/11/2022 @ 14:27:28,49.19607689327313,113.15587645320625
WBTC/USDC,28/11/2022 @ 14:27:58,49.196810143013195,113.15668500891391
WBTC/USDC,28/11/2022 @ 14:28:28,49.197910046154796,113.1578978551094
WBTC/USDC,28/11/2022 @ 14:28:59,49.19864331588283,113.15870641362275
WBTC/USDC,28/11/2022 @ 14:29:28,49.19974317026868,113.15991921690964
WBTC/USDC,28/11/2022 @ 14:29:58,49.20047640198087,113.16072776200542
WBTC/USDC,28/11/2022 @ 14:30:28,49.20157623458895,113.1619405358697
WBTC/USDC,28/11/2022 @ 14:30:58,49.20230946981028,113.16274904009073
WBTC/USDC,28/11/2022 @ 14:31:28,49.20340930705653,113.1639618006618
WBTC/USDC,28/11/2022 @ 14:31:58,49.20414248017108,113.16477028657647
WBTC/USDC,28/11/2022 @ 14:32:28,49.205242280599734,113.16598301500782
WBTC/USDC,28/11/2022 @ 14:32:58,49.20597551188609,113.16679149019042
WBTC/USDC,28/11/2022 @ 14:33:28,49.20707527727738,113.1680041877338
WBTC/USDC,28/11/2022 @ 14:33:58,49.20780843304072,113.16881265709434
WBTC/USDC,28/11/2022 @ 14:34:28,49.20890819641853,113.1700253189122
WBTC/USDC,28/11/2022 @ 14:34:58,49.20964137816215,113.17083375849224
WBTC/USDC,28/11/2022 @ 14:35:28,49.21074112319003,113.17204640159203
WBTC/USDC,28/11/2022 @ 14:35:58,49.21147426225587,113.17285481757719
WBTC/USDC,28/11/2022 @ 14:36:29,49.089058103689354,113.17407068199596
WBTC/USDC,28/11/2022 @ 14:36:58,48.966262966528895,113.17488230766227
WBTC/USDC,28/11/2022 @ 14:37:28,48.72026853755425,113.17610139823526
WBTC/USDC,28/11/2022 @ 14:37:58,48.597435861171185,113.17691302629422
WBTC/USDC,28/11/2022 @ 14:38:28,48.3587493087828,113.0441775894797
WBTC/USDC,28/11/2022 @ 14:38:58,48.235879164189406,113.04498928057198
WBTC/USDC,28/11/2022 @ 14:39:28,48.11336263911754,113.04620518298667
WBTC/USDC,28/11/2022 @ 14:39:58,47.99046733466224,113.04701686130764
WBTC/USDC,28/11/2022 @ 14:40:28,47.86755952968146,113.0478285263533
WBTC/USDC,28/11/2022 @ 14:40:58,47.62872372687137,112.91508035565504
WBTC/USDC,28/11/2022 @ 14:41:28,47.50614439771587,112.91629632945126
WBTC/USDC,28/11/2022 @ 14:41:58,47.383186446554014,112.91710805108028
WBTC/USDC,28/11/2022 @ 14:42:28,47.1368671411827,112.91832725117999
WBTC/USDC,28/11/2022 @ 14:42:58,46.89751627549267,112.78516179893138
WBTC/USDC,28/11/2022 @ 14:43:28,46.55552134418876,112.8145853593296
WBTC/USDC,28/11/2022 @ 14:43:58,46.222683516797254,112.7118610516605
WBTC/USDC,28/11/2022 @ 14:44:29,45.882692944246216,112.74351329003224
WBTC/USDC,28/11/2022 @ 14:44:58,45.54965031472973,112.64079428195735
WBTC/USDC,28/11/2022 @ 14:45:28,45.095697346029176,112.682649913307
WBTC/USDC,28/11/2022 @ 14:45:58,44.87620629229417,112.56975137512846
WBTC/USDC,28/11/2022 @ 14:46:28,44.64961763095774,112.591250681787
WBTC/USDC,28/11/2022 @ 14:46:58,44.5438607783473,112.46815606299597
WBTC/USDC,28/11/2022 @ 14:47:28,44.31720314564293,112.4896616401063
WBTC/USDC,28/11/2022 @ 14:47:58,44.09755299807914,112.3767511863293
WBTC/USDC,28/11/2022 @ 14:48:28,43.87080353143913,112.3982650828644
WBTC/USDC,28/11/2022 @ 14:48:58,43.76496758056811,112.27515148187624
WBTC/USDC,28/11/2022 @ 14:49:28,43.5381490015385,112.29667167001246
WBTC/USDC,28/11/2022 @ 14:49:58,43.31833967917287,112.1837492385829
WBTC/USDC,28/11/2022 @ 14:50:28,43.205391626373455,112.19507442538881
WBTC/USDC,28/11/2022 @ 14:50:58,42.98551398321988,112.08214507382836
WBTC/USDC,28/11/2022 @ 14:51:28,42.87253128796376,112.09347347360612
WBTC/USDC,28/11/2022 @ 14:51:58,42.766593746663965,111.9703297090769
WBTC/USDC,28/11/2022 @ 14:52:28,42.65358785876187,111.98166026302657
WBTC/USDC,28/11/2022 @ 14:52:58,42.65425609702243,111.98240903253458
WBTC/USDC,28/11/2022 @ 14:53:28,42.77665871635071,111.83921286387728
WBTC/USDC,28/11/2022 @ 14:53:58,42.891324275136505,111.82975525647103
WBTC/USDC,28/11/2022 @ 14:54:28,43.006312763848314,111.8206730422128
WBTC/USDC,28/11/2022 @ 14:54:58,43.12834826119247,111.67709240655942
WBTC/USDC,28/11/2022 @ 14:55:28,43.24331429346038,111.66801230644597
WBTC/USDC,28/11/2022 @ 14:55:58,43.3579349209454,111.65855876625216
WBTC/USDC,28/11/2022 @ 14:56:28,43.48027165188634,111.51534249318858
WBTC/USDC,28/11/2022 @ 14:56:58,43.59486967614798,111.5058910525283
WBTC/USDC,28/11/2022 @ 14:57:28,43.70979088832176,111.49681501132378
WBTC/USDC,28/11/2022 @ 14:57:58,43.83176033548795,111.35321433948565
WBTC/USDC,28/11/2022 @ 14:58:28,44.0605431613885,111.33394413218174
WBTC/USDC,28/11/2022 @ 14:58:58,44.17508492034336,111.32449775654834
WBTC/USDC,28/11/2022 @ 14:59:28,44.40380010167439,111.30523357153754
WBTC/USDC,28/11/2022 @ 14:59:58,44.5257026474443,111.16162593271817
WBTC/USDC,28/11/2022 @ 15:0:28,44.75435015388351,111.14236789544557
WBTC/USDC,28/11/2022 @ 15:0:58,44.86882433732958,111.13292763746563
WBTC/USDC,28/11/2022 @ 15:1:29,44.98362203041823,111.12386278433222
WBTC/USDC,28/11/2022 @ 15:1:58,45.10546906348282,110.98024727943728
WBTC/USDC,28/11/2022 @ 15:2:28,45.22024431915885,110.97118455382667
WBTC/USDC,28/11/2022 @ 15:2:58,45.22091394713962,110.97193348306172
WBTC/USDC,28/11/2022 @ 15:3:28,45.33567802984682,110.96287172402496
WBTC/USDC,28/11/2022 @ 15:3:58,45.457492197313975,110.8192462143191
WBTC/USDC,28/11/2022 @ 15:4:28,45.458496786705105,110.82036967742397
WBTC/USDC,28/11/2022 @ 15:4:58,45.57290372037175,110.81093551185727
WBTC/USDC,28/11/2022 @ 15:5:29,45.57390839065349,110.81205894734939
WBTC/USDC,28/11/2022 @ 15:5:58,45.69570090623988,110.66842245497449
WBTC/USDC,28/11/2022 @ 15:6:29,45.696705656883005,110.6695459779815
WBTC/USDC,28/11/2022 @ 15:6:58,45.81109030313671,110.66011383921375
WBTC/USDC,28/11/2022 @ 15:7:28,45.81209513420958,110.66123731540084
WBTC/USDC,28/11/2022 @ 15:7:58,45.820162443984074,110.52777003617136
WBTC/USDC,28/11/2022 @ 15:8:28,45.93487103649826,110.51871347126144
WBTC/USDC,28/11/2022 @ 15:8:58,46.16291444468431,110.49910526996852
WBTC/USDC,28/11/2022 @ 15:9:29,46.39124779630524,110.47987559476746
WBTC/USDC,28/11/2022 @ 15:9:58,46.50556509339483,110.47044950771948
WBTC/USDC,28/11/2022 @ 15:10:28,46.733830879136974,110.45122586578583
WBTC/USDC,28/11/2022 @ 15:10:58,46.840717031355055,110.57601844184782
WBTC/USDC,28/11/2022 @ 15:11:28,46.82693012352189,110.84553263848677
WBTC/USDC,28/11/2022 @ 15:11:58,46.82020539157475,110.98045653240197
WBTC/USDC,28/11/2022 @ 15:12:28,46.80642292338908,111.24988942517251
WBTC/USDC,28/11/2022 @ 15:12:58,46.90591032471383,111.50872302916244
WBTC/USDC,28/11/2022 @ 15:13:28,46.89213391787877,111.77804770093013
WBTC/USDC,28/11/2022 @ 15:13:58,46.88541443554504,111.91287672124557
WBTC/USDC,28/11/2022 @ 15:14:28,46.87164247233536,112.18212017305352
WBTC/USDC,28/11/2022 @ 15:14:58,46.85753822462722,112.45093567921572
WBTC/USDC,28/11/2022 @ 15:15:29,46.843772176778174,112.7200709048976
WBTC/USDC,28/11/2022 @ 15:15:58,46.8370579130654,112.8548051407583
WBTC/USDC,28/11/2022 @ 15:16:28,46.823296322285174,113.12385924256367
WBTC/USDC,28/11/2022 @ 15:16:58,46.8092024380249,113.3924857736412
WBTC/USDC,28/11/2022 @ 15:17:28,46.7954468149229,113.66143181156461
WBTC/USDC,28/11/2022 @ 15:17:59,46.78873772277078,113.7960713420154
WBTC/USDC,28/11/2022 @ 15:18:28,46.782364664997324,113.93107052459806
WBTC/USDC,28/11/2022 @ 15:18:58,46.78303521614175,113.93181722218843
WBTC/USDC,28/11/2022 @ 15:19:28,46.78404102687644,113.93293726545069
WBTC/USDC,28/11/2022 @ 15:19:58,46.78471153104426,113.93368395210673
WBTC/USDC,28/11/2022 @ 15:20:28,46.78571729617572,113.9348039624667
WBTC/USDC,28/11/2022 @ 15:20:59,46.78638784097131,113.93555061161995
WBTC/USDC,28/11/2022 @ 15:21:29,46.78739357670394,113.93667061311989
WBTC/USDC,28/11/2022 @ 15:21:58,46.78806406331722,113.93741726914304
WBTC/USDC,28/11/2022 @ 15:22:28,46.789069804772694,113.93853722107814
WBTC/USDC,28/11/2022 @ 15:22:58,46.7897402686208,113.93928385605138
WBTC/USDC,28/11/2022 @ 15:23:29,46.790746029587595,113.94040378708179
WBTC/USDC,28/11/2022 @ 15:23:58,46.79141648244378,113.94115040196729
WBTC/USDC,28/11/2022 @ 15:24:28,46.90714589786074,114.07447357610594
WBTC/USDC,28/11/2022 @ 15:24:58,46.907876921240025,114.07528060196903
WBTC/USDC,28/11/2022 @ 15:25:28,46.90897347930728,114.07649111029728
WBTC/USDC,28/11/2022 @ 15:25:58,46.9023275236349,114.21114921604475
WBTC/USDC,28/11/2022 @ 15:26:28,46.90342406830387,114.21235957332351
WBTC/USDC,28/11/2022 @ 15:26:59,46.904155071202844,114.21316648501558
WBTC/USDC,28/11/2022 @ 15:27:28,46.89787532936537,114.34821423403116
WBTC/USDC,28/11/2022 @ 15:27:59,46.898606342416485,114.34902102937548
WBTC/USDC,28/11/2022 @ 15:28:28,46.899702871230915,114.35023121669363
WBTC/USDC,28/11/2022 @ 15:28:58,46.90043385060771,114.35103801984904
WBTC/USDC,28/11/2022 @ 15:29:28,46.89415484598259,114.48607182173028
WBTC/USDC,28/11/2022 @ 15:29:59,47.018634194801145,114.48687525340748
WBTC/USDC,28/11/2022 @ 15:30:28,47.019730783531884,114.48808528066562
WBTC/USDC,28/11/2022 @ 15:30:58,47.01308711077596,114.62270185728227
WBTC/USDC,28/11/2022 @ 15:31:28,47.014183661443184,114.62391171860341
WBTC/USDC,28/11/2022 @ 15:31:59,47.014914698967296,114.62471828682258
WBTC/USDC,28/11/2022 @ 15:32:29,47.00863725261613,114.75972444061054
WBTC/USDC,28/11/2022 @ 15:32:58,47.009368307267614,114.76053091213518
WBTC/USDC,28/11/2022 @ 15:33:30,47.01046482521187,114.76174059974902
WBTC/USDC,28/11/2022 @ 15:33:59,47.01119581503285,114.76254703984108
WBTC/USDC,28/11/2022 @ 15:34:29,47.01229232550789,114.76375670373035
WBTC/USDC,28/11/2022 @ 15:34:58,47.01302332873564,114.76456313316697
WBTC/USDC,28/11/2022 @ 15:35:28,47.13785683883137,114.76576952934091
WBTC/USDC,28/11/2022 @ 15:35:58,47.13858787312821,114.76657594327791
WBTC/USDC,28/11/2022 @ 15:36:29,47.13968445125283,114.76778554635723
WBTC/USDC,28/11/2022 @ 15:36:58,47.14041551388034,114.76859193692572
WBTC/USDC,28/11/2022 @ 15:37:28,47.265237127147216,114.76979826908817
WBTC/USDC,28/11/2022 @ 15:37:59,47.26596823116128,114.77060463919943
WBTC/USDC,28/11/2022 @ 15:38:28,47.26706487422136,114.77181418798845
WBTC/USDC,28/11/2022 @ 15:38:58,47.39150891625952,114.77261730835477
WBTC/USDC,28/11/2022 @ 15:39:28,47.39260562666496,114.77382683876353
WBTC/USDC,28/11/2022 @ 15:39:59,47.39333678438075,114.77463317505585
WBTC/USDC,28/11/2022 @ 15:40:28,47.51813439434812,114.77583941650248
WBTC/USDC,28/11/2022 @ 15:40:58,47.518865612397846,114.77664574459227
WBTC/USDC,28/11/2022 @ 15:41:28,47.62153387615624,115.17915494344055
WBTC/USDC,28/11/2022 @ 15:41:58,47.61489422844577,115.31370188544513
WBTC/USDC,28/11/2022 @ 15:42:28,47.71755926999256,115.71604956766545
WBTC/USDC,28/11/2022 @ 15:42:58,47.71092267245867,115.85054242770173
WBTC/USDC,28/11/2022 @ 15:43:28,47.82095032761488,116.11908161954108
WBTC/USDC,28/11/2022 @ 15:43:59,47.9306029804994,116.38716421450214
WBTC/USDC,28/11/2022 @ 15:44:29,48.04061222644065,116.65559560012798
WBTC/USDC,28/11/2022 @ 15:44:59,48.15024644065311,116.92357057867369
WBTC/USDC,28/11/2022 @ 15:45:28,48.2602371943637,117.19189416340133
WBTC/USDC,28/11/2022 @ 15:45:58,48.36985295338443,117.45976151551345
WBTC/USDC,28/11/2022 @ 15:46:28,48.47982531927544,117.72797737698131
WBTC/USDC,28/11/2022 @ 15:46:58,48.59677869543332,117.86226459250085
WBTC/USDC,28/11/2022 @ 15:47:28,48.6993765602922,118.26384540817688
WBTC/USDC,28/11/2022 @ 15:47:58,48.8163085821968,118.39807873664674
WBTC/USDC,28/11/2022 @ 15:48:28,48.92624261003235,118.6661061045343
WBTC/USDC,28/11/2022 @ 15:48:58,48.912272086686535,118.93368091732685
WBTC/USDC,28/11/2022 @ 15:49:28,49.0222001068928,119.20160073549798
WBTC/USDC,28/11/2022 @ 15:49:59,49.131752705532776,119.46906495407235
WBTC/USDC,28/11/2022 @ 15:50:28,49.241662300353845,119.73687713163346
WBTC/USDC,28/11/2022 @ 15:50:59,49.351196408831164,120.00423398014114
WBTC/USDC,28/11/2022 @ 15:51:28,49.48312071006676,119.87216355165376
WBTC/USDC,28/11/2022 @ 15:51:58,49.60732134321314,119.87296338382603
WBTC/USDC,28/11/2022 @ 15:52:29,49.73187621603012,119.87416471198716
WBTC/USDC,28/11/2022 @ 15:52:58,49.73260891580383,119.87496774544152
WBTC/USDC,28/11/2022 @ 15:53:29,49.85715166045377,119.87616905451247
WBTC/USDC,28/11/2022 @ 15:53:58,49.98131587899969,119.87696883713087
WBTC/USDC,28/11/2022 @ 15:54:29,50.10583439062343,119.87817010511395
WBTC/USDC,28/11/2022 @ 15:54:58,50.10656725298743,119.87897310000245
WBTC/USDC,28/11/2022 @ 15:55:28,50.23107363788652,119.8801743465305
WBTC/USDC,28/11/2022 @ 15:55:58,50.35520145315967,119.880974103559
WBTC/USDC,28/11/2022 @ 15:56:28,50.479683544173334,119.88217533261498
WBTC/USDC,28/11/2022 @ 15:56:58,50.480416635205984,119.88297828487029
WBTC/USDC,28/11/2022 @ 15:57:28,50.604886613352285,119.88417948078082
WBTC/USDC,28/11/2022 @ 15:57:59,50.728977968414775,119.88497919310596
WBTC/USDC,28/11/2022 @ 15:58:28,50.73007778138566,119.88618359685826
WBTC/USDC,28/11/2022 @ 15:58:58,50.85415704573544,119.88698327334708
WBTC/USDC,28/11/2022 @ 15:59:28,50.97859072010648,119.88818442728659
WBTC/USDC,28/11/2022 @ 15:59:58,50.979324046099215,119.88898731723218
WBTC/USDC,28/11/2022 @ 16:0:28,51.103745681242614,119.89018843769598
WBTC/USDC,28/11/2022 @ 16:0:58,51.227788503642095,119.89098809660418
WBTC/USDC,28/11/2022 @ 16:1:29,51.228888723669755,119.89219240736111
WBTC/USDC,28/11/2022 @ 16:1:58,51.35291941549162,119.89299203891808
WBTC/USDC,28/11/2022 @ 16:2:29,51.47730471737116,119.89419310908757
WBTC/USDC,28/11/2022 @ 16:2:58,51.47803831723253,119.89499596486696
WBTC/USDC,28/11/2022 @ 16:3:28,51.602411591013926,119.89619698809648
WBTC/USDC,28/11/2022 @ 16:3:59,51.726405868437396,119.89699658771822
WBTC/USDC,28/11/2022 @ 16:4:28,51.72750646307953,119.8982008053763
WBTC/USDC,28/11/2022 @ 16:4:58,51.85148866974674,119.89900041134062
WBTC/USDC,28/11/2022 @ 16:5:29,51.975825624736,119.90020138797492
WBTC/USDC,28/11/2022 @ 16:5:58,51.97655946499356,119.90100417362166
WBTC/USDC,28/11/2022 @ 16:6:29,52.10088438102539,119.90220512418587
WBTC/USDC,28/11/2022 @ 16:6:58,52.10161827972806,119.90300790534805
WBTC/USDC,28/11/2022 @ 16:7:28,52.225931132701085,119.90420883221978
WBTC/USDC,28/11/2022 @ 16:7:58,52.34986484366744,119.9050083499165
WBTC/USDC,28/11/2022 @ 16:8:28,52.35096593113753,119.9062124750925
WBTC/USDC,28/11/2022 @ 16:8:59,52.47488756187255,119.90701199606058
WBTC/USDC,28/11/2022 @ 16:9:28,52.47598872289058,119.90821607738228
WBTC/USDC,28/11/2022 @ 16:9:59,52.47672280601364,119.9090187888971
WBTC/USDC,28/11/2022 @ 16:10:29,52.600999503319,119.91021962425297
WBTC/USDC,28/11/2022 @ 16:10:59,52.601733671974365,119.9110223398396
WBTC/USDC,28/11/2022 @ 16:11:29,52.72599831576776,119.91222314800781
WBTC/USDC,28/11/2022 @ 16:11:58,52.72673254017725,119.91302581201901
WBTC/USDC,28/11/2022 @ 16:12:28,52.727466737549925,119.91382848771114
WBTC/USDC,28/11/2022 @ 16:12:59,52.85171939991918,119.91502927363017
WBTC/USDC,28/11/2022 @ 16:13:28,52.85282084120671,119.91623324497051
WBTC/USDC,28/11/2022 @ 16:13:59,52.85355506728295,119.91703588927989
WBTC/USDC,28/11/2022 @ 16:14:29,52.97779589054363,119.91823662806449
WBTC/USDC,28/11/2022 @ 16:14:59,52.97853019283796,119.91903923432363
WBTC/USDC,28/11/2022 @ 16:15:29,53.1027588737782,119.92023995453978
WBTC/USDC,28/11/2022 @ 16:15:59,53.10349324930816,119.92104255337168
WBTC/USDC,28/11/2022 @ 16:16:29,53.10459482282583,119.92224644345559
WBTC/USDC,28/11/2022 @ 16:16:59,53.22844438536826,119.92304580613833
WBTC/USDC,28/11/2022 @ 16:17:29,53.22954604220645,119.92424968038928
WBTC/USDC,28/11/2022 @ 16:17:59,53.230280467226116,119.9250522368258
WBTC/USDC,28/11/2022 @ 16:18:29,53.354485268959024,119.92625287283683
WBTC/USDC,28/11/2022 @ 16:18:59,53.355219753837574,119.92705542150597
WBTC/USDC,28/11/2022 @ 16:19:29,53.479412524949794,119.92825601542596
WBTC/USDC,28/11/2022 @ 16:19:59,53.47280225816795,120.06232448975227
WBTC/USDC,28/11/2022 @ 16:20:31,53.5822955896527,120.33001667332883
WBTC/USDC,28/11/2022 @ 16:20:59,53.57568759750116,120.46404477884431
WBTC/USDC,28/11/2022 @ 16:21:29,53.68517340087031,120.73165626445154
WBTC/USDC,28/11/2022 @ 16:21:59,53.67856773776505,120.86564390880022
WBTC/USDC,28/11/2022 @ 16:22:29,53.788045897377756,121.13317468741378
WBTC/USDC,28/11/2022 @ 16:22:59,53.78107510287413,121.26672112334826
WBTC/USDC,28/11/2022 @ 16:23:28,53.89054565097366,121.53417129275634
WBTC/USDC,28/11/2022 @ 16:23:59,54.00000703479788,121.80156777957792
WBTC/USDC,28/11/2022 @ 16:24:30,54.11679299447919,121.93584519166753
WBTC/USDC,28/11/2022 @ 16:25:0,54.10286123424416,122.20276355939761
WBTC/USDC,28/11/2022 @ 16:25:29,54.21230589614752,122.47002571842391
WBTC/USDC,28/11/2022 @ 16:26:0,54.20571016735661,122.60383844615998
WBTC/USDC,28/11/2022 @ 16:26:29,54.32247663224152,122.73803485082132
WBTC/USDC,28/11/2022 @ 16:27:0,54.31588245003778,122.8718206192981
WBTC/USDC,28/11/2022 @ 16:27:29,54.43996686472838,122.87301835204703
WBTC/USDC,28/11/2022 @ 16:27:59,54.44070206631405,122.8738189592118
WBTC/USDC,28/11/2022 @ 16:28:30,54.4418048523254,122.87501986837005
WBTC/USDC,28/11/2022 @ 16:28:59,54.44986933245297,122.74283580771215
WBTC/USDC,28/11/2022 @ 16:29:29,54.57394193860348,122.74403359982648
WBTC/USDC,28/11/2022 @ 16:29:59,54.58200723035469,122.6118365236772
WBTC/USDC,28/11/2022 @ 16:30:29,54.59044080361638,122.4800267126432
WBTC/USDC,28/11/2022 @ 16:30:58,54.72146533365842,122.34780014154592
WBTC/USDC,28/11/2022 @ 16:31:28,54.73723339567024,122.08291351890355
WBTC/USDC,28/11/2022 @ 16:31:58,54.752636737699326,121.81757357507348
WBTC/USDC,28/11/2022 @ 16:32:28,54.891356468111425,121.55257813463403
WBTC/USDC,28/11/2022 @ 16:32:58,54.89942836629312,121.42026259495107
WBTC/USDC,28/11/2022 @ 16:33:28,54.915206695682166,121.15519125916052
WBTC/USDC,28/11/2022 @ 16:33:58,54.93062026637664,120.88966626679446
WBTC/USDC,28/11/2022 @ 16:34:29,55.0693382914241,120.62448605456935
WBTC/USDC,28/11/2022 @ 16:34:58,55.07741531205111,120.49207825216187
WBTC/USDC,28/11/2022 @ 16:35:29,55.09320390240696,120.22682206120633
WBTC/USDC,28/11/2022 @ 16:35:58,55.224204932121765,120.09437146066398
WBTC/USDC,28/11/2022 @ 16:36:28,54.97945170815592,120.09558110584844
WBTC/USDC,28/11/2022 @ 16:36:58,54.8572402336454,120.09638645196931
WBTC/USDC,28/11/2022 @ 16:37:28,54.85099900904686,120.23083877675323
WBTC/USDC,28/11/2022 @ 16:37:58,54.85173412455163,120.23164082207347
WBTC/USDC,28/11/2022 @ 16:38:28,54.852836764978264,120.23284386613433
WBTC/USDC,28/11/2022 @ 16:38:58,54.853571866989995,120.23364587886094
WBTC/USDC,28/11/2022 @ 16:39:29,54.84733133642351,120.3680842716991
WBTC/USDC,28/11/2022 @ 16:39:59,54.84806645570361,120.3688861872494
WBTC/USDC,28/11/2022 @ 16:40:28,54.84916907281655,120.37008904119361
WBTC/USDC,28/11/2022 @ 16:40:58,54.842561763070655,120.50411276131825
WBTC/USDC,28/11/2022 @ 16:41:28,54.72804694485381,120.37209700262896
WBTC/USDC,28/11/2022 @ 16:41:58,54.72878191089354,120.37289888798176
WBTC/USDC,28/11/2022 @ 16:42:28,54.60691208190934,120.3741049029518
WBTC/USDC,28/11/2022 @ 16:42:59,54.60764697980652,120.37490676743693
WBTC/USDC,28/11/2022 @ 16:43:28,54.48576456736856,120.37611275740252
WBTC/USDC,28/11/2022 @ 16:43:58,54.48649939145835,120.37691461693896
WBTC/USDC,28/11/2022 @ 16:44:29,54.487234177617765,120.37771643914614
WBTC/USDC,28/11/2022 @ 16:44:58,54.24232932698939,120.37892562036923
WBTC/USDC,28/11/2022 @ 16:45:28,54.127752335211795,120.24689740008657
WBTC/USDC,28/11/2022 @ 16:45:59,54.00545247482462,120.24770249823486
WBTC/USDC,28/11/2022 @ 16:46:28,53.76044813393125,120.24891173862116
WBTC/USDC,28/11/2022 @ 16:46:58,53.515027083987185,120.24972005407906
WBTC/USDC,28/11/2022 @ 16:47:28,53.27726720097413,120.1176821483064
WBTC/USDC,28/11/2022 @ 16:47:58,53.15488022123724,120.11848730094614
WBTC/USDC,28/11/2022 @ 16:48:29,52.909335111436285,120.11929566161687
WBTC/USDC,28/11/2022 @ 16:48:58,52.67145177704643,119.9872448577792
WBTC/USDC,28/11/2022 @ 16:49:28,52.426174165366355,119.98845428366474
WBTC/USDC,28/11/2022 @ 16:49:58,52.180480139282515,119.98926269315177
WBTC/USDC,28/11/2022 @ 16:50:28,51.94244828543751,119.85719893582448
WBTC/USDC,28/11/2022 @ 16:50:58,51.81992435190916,119.85800419693784
WBTC/USDC,28/11/2022 @ 16:51:29,51.581818527075306,119.72592737692996
WBTC/USDC,28/11/2022 @ 16:51:59,51.459257171492744,119.72673269308711
WBTC/USDC,28/11/2022 @ 16:52:28,51.213730660404586,119.72794228581114
WBTC/USDC,28/11/2022 @ 16:52:59,51.09113189550938,119.72874758696612
WBTC/USDC,28/11/2022 @ 16:53:28,50.85287731301597,119.59665796388293
WBTC/USDC,28/11/2022 @ 16:53:58,50.73024108141609,119.59746332973816
WBTC/USDC,28/11/2022 @ 16:54:29,50.61530591858382,119.46535742482804
WBTC/USDC,28/11/2022 @ 16:54:58,50.49264467293468,119.46616284659329
WBTC/USDC,28/11/2022 @ 16:55:29,50.37033694432522,119.46736939214372
WBTC/USDC,28/11/2022 @ 16:55:58,50.37841704077658,119.33484625284176
WBTC/USDC,28/11/2022 @ 16:56:28,50.25609670111056,119.33605285776675
WBTC/USDC,28/11/2022 @ 16:56:59,49.893847827099094,119.20352621694173
WBTC/USDC,28/11/2022 @ 16:57:29,49.2848312675832,119.0713941289615
WBTC/USDC,28/11/2022 @ 16:57:59,48.79871926812116,118.93884451895492
WBTC/USDC,28/11/2022 @ 16:58:29,48.065505021496186,118.80668944789835
WBTC/USDC,28/11/2022 @ 16:58:59,47.7025891834692,118.67411026074355
WBTC/USDC,28/11/2022 @ 16:59:29,46.96870629056693,118.54192892067829
WBTC/USDC,28/11/2022 @ 16:59:58,46.48922535970841,118.41689765084892
